Film,Award,Year of Release,IMDB Rating,Tomatometer Rating,Audience Rating,,,,,,,,,,,,,,,,,,,,,,,,
Wings,Winner,1927,7.5,93,78,,,,,,,,,,,,,,,,,,,,,,,,
7th Heaven,Nominee,1927,7.7,,,,,,,,,,,,,,,,,,,,,,,,,,
The Racket,Nominee,1928,6.7,,,,,,,,,,,,,,,,,,,,,,,,,,
The Broadway Melody,Winner,1929,5.7,33,21,,,,,,,,,,,,,,,,,,,,,,,,
Alibi,Nominee,1929,5.8,,,,,,,,,,,,,,,,,,,,,,,,,,
Hollywood Revue,Nominee,1929,5.7,,,,,,,,,,,,,,,,,,,,,,,,,,
In Old Arizona,Nominee,1928,5.6,56,38,,,,,,,,,,,,,,,,,,,,,,,,
The Patriot,Nominee,1928,7.4,,,,,,,,,,,,,,,,,,,,,,,,,,
All Quiet on the Western Front,Winner,1930,8.1,,,,,,,,,,,,,,,,,,,,,,,,,,
The Big House,Nominee,1930,7.1,75,69,,,,,,,,,,,,,,,,,,,,,,,,
Disraeli,Nominee,1929,6.2,,,,,,,,,,,,,,,,,,,,,,,,,,
The Divorcee,Nominee,1930,6.7,,,,,,,,,,,,,,,,,,,,,,,,,,
The Love Parade,Nominee,1929,7,,,,,,,,,,,,,,,,,,,,,,,,,,
Cimarron,Winner,1931,5.9,50,25,,,,,,,,,,,,,,,,,,,,,,,,
East Lynne,Nominee,1931,5.9,,,,,,,,,,,,,,,,,,,,,,,,,,
The Front Page,Nominee,1931,6.8,,,,,,,,,,,,,,,,,,,,,,,,,,
Skippy,Nominee,1931,6.3,,,,,,,,,,,,,,,,,,,,,,,,,,
Trader Horn,Nominee,1931,6.3,,,,,,,,,,,,,,,,,,,,,,,,,,
Grand Hotel,Winner,1932,7.4,86,77,,,,,,,,,,,,,,,,,,,,,,,,
Arrowsmith,Nominee,1931,6.2,,,,,,,,,,,,,,,,,,,,,,,,,,
Bad Girl,Nominee,1931,6.5,,,,,,,,,,,,,,,,,,,,,,,,,,
The Champ,Nominee,1931,7.3,90,74,,,,,,,,,,,,,,,,,,,,,,,,
Five Star Final,Nominee,1931,7.3,,,,,,,,,,,,,,,,,,,,,,,,,,
One Hour with You,Nominee,1932,7.2,,,,,,,,,,,,,,,,,,,,,,,,,,
Shanghai Express,Nominee,1932,7.3,,,,,,,,,,,,,,,,,,,,,,,,,,
The Smiling Lieutenant,Nominee,1931,7.2,,,,,,,,,,,,,,,,,,,,,,,,,,
Cavalcade,Winner,1933,5.9,59,26,,,,,,,,,,,,,,,,,,,,,,,,
42nd Street,Nominee,1933,7.4,96,74,,,,,,,,,,,,,,,,,,,,,,,,
A Farewell to Arms,Nominee,1932,6.5,93,53,,,,,,,,,,,,,,,,,,,,,,,,
I Am a Fugitive from a Chain Gang,Nominee,1932,8.2,,,,,,,,,,,,,,,,,,,,,,,,,,
Lady for a Day,Nominee,1933,7.4,,,,,,,,,,,,,,,,,,,,,,,,,,
Little Women,Nominee,1933,7.2,94,78,,,,,,,,,,,,,,,,,,,,,,,,
The Private Life of Henry VIII,Nominee,1933,7.1,100,74,,,,,,,,,,,,,,,,,,,,,,,,
She Done Him Wrong,Nominee,1933,6.4,91,53,,,,,,,,,,,,,,,,,,,,,,,,
Smilin' Through,Nominee,1932,6.9,,,,,,,,,,,,,,,,,,,,,,,,,,
State Fair,Nominee,1933,6.8,,,,,,,,,,,,,,,,,,,,,,,,,,
It Happened One Night,Winner,1934,8.1,98,93,,,,,,,,,,,,,,,,,,,,,,,,
The Barretts of Wimpole Street,Nominee,1934,7,78,69,,,,,,,,,,,,,,,,,,,,,,,,
Cleopatra,Nominee,1934,6.8,,,,,,,,,,,,,,,,,,,,,,,,,,
Flirtation Walk,Nominee,1934,5.7,,,,,,,,,,,,,,,,,,,,,,,,,,
The Gay Divorcee,Nominee,1934,7.5,93,82,,,,,,,,,,,,,,,,,,,,,,,,
Here Comes the Navy,Nominee,1934,6.3,,,,,,,,,,,,,,,,,,,,,,,,,,
The House of Rothschild,Nominee,1934,6.6,,,,,,,,,,,,,,,,,,,,,,,,,,
Imitation of Life,Nominee,1934,7.5,92,85,,,,,,,,,,,,,,,,,,,,,,,,
One Night of Love,Nominee,1934,5.7,,,,,,,,,,,,,,,,,,,,,,,,,,
The Thin Man,Nominee,1934,8,97,93,,,,,,,,,,,,,,,,,,,,,,,,
Viva Villa!,Nominee,1934,6.4,,,,,,,,,,,,,,,,,,,,,,,,,,
The White Parade,Nominee,1934,6.8,,,,,,,,,,,,,,,,,,,,,,,,,,
Mutiny on the Bounty,Winner,1935,7.7,93,83,,,,,,,,,,,,,,,,,,,,,,,,
Alice Adams,Nominee,1935,6.9,94,71,,,,,,,,,,,,,,,,,,,,,,,,
Broadway Melody of 1936,Nominee,1935,6.8,,,,,,,,,,,,,,,,,,,,,,,,,,
Captain Blood,Nominee,1935,7.7,100,89,,,,,,,,,,,,,,,,,,,,,,,,
David Copperfield,Nominee,1935,7.4,,,,,,,,,,,,,,,,,,,,,,,,,,
The Informer,Nominee,1935,7.4,94,77,,,,,,,,,,,,,,,,,,,,,,,,
The Lives of a Bengal Lancer,Nominee,1935,7.1,,,,,,,,,,,,,,,,,,,,,,,,,,
A Midsummer Night's Dream,Nominee,1935,6.9,91,62,,,,,,,,,,,,,,,,,,,,,,,,
Les Misérables,Nominee,1935,7.7,,,,,,,,,,,,,,,,,,,,,,,,,,
Naughty Marietta,Nominee,1935,6.7,,,,,,,,,,,,,,,,,,,,,,,,,,
Ruggles of Red Gap,Nominee,1935,7.6,,,,,,,,,,,,,,,,,,,,,,,,,,
Top Hat,Nominee,1935,7.8,100,91,,,,,,,,,,,,,,,,,,,,,,,,
The Great Ziegfeld,Winner,1936,6.7,62,50,,,,,,,,,,,,,,,,,,,,,,,,
Anthony Adverse,Nominee,1936,6.4,,,,,,,,,,,,,,,,,,,,,,,,,,
Dodsworth,Nominee,1936,7.8,90,86,,,,,,,,,,,,,,,,,,,,,,,,
Libeled Lady,Nominee,1936,7.9,86,88,,,,,,,,,,,,,,,,,,,,,,,,
Mr. Deeds Goes to Town,Nominee,1936,7.9,90,86,,,,,,,,,,,,,,,,,,,,,,,,
Romeo and Juliet,Nominee,1936,6.5,78,50,,,,,,,,,,,,,,,,,,,,,,,,
San Francisco,Nominee,1936,7.2,100,70,,,,,,,,,,,,,,,,,,,,,,,,
The Story of Louis Pasteur,Nominee,1936,7.3,,,,,,,,,,,,,,,,,,,,,,,,,,
A Tale of Two Cities,Nominee,1935,7.8,92,84,,,,,,,,,,,,,,,,,,,,,,,,
Three Smart Girls,Nominee,1936,6.7,86,50,,,,,,,,,,,,,,,,,,,,,,,,
The Life of Emile Zola,Winner,1937,7.2,82,73,,,,,,,,,,,,,,,,,,,,,,,,
The Awful Truth,Nominee,1937,7.7,93,87,,,,,,,,,,,,,,,,,,,,,,,,
Captains Courageous,Nominee,1937,8,94,89,,,,,,,,,,,,,,,,,,,,,,,,
Dead End,Nominee,1937,7.3,91,76,,,,,,,,,,,,,,,,,,,,,,,,
The Good Earth,Nominee,1937,7.5,95,76,,,,,,,,,,,,,,,,,,,,,,,,
In Old Chicago,Nominee,1938,6.8,,,,,,,,,,,,,,,,,,,,,,,,,,
Lost Horizon,Nominee,1937,7.7,93,83,,,,,,,,,,,,,,,,,,,,,,,,
One Hundred Men and a Girl,Nominee,1937,6.8,,,,,,,,,,,,,,,,,,,,,,,,,,
Stage Door,Nominee,1937,7.8,96,87,,,,,,,,,,,,,,,,,,,,,,,,
A Star Is Born,Nominee,1937,7.3,100,78,,,,,,,,,,,,,,,,,,,,,,,,
You Can't Take It with You,Winner,1938,7.9,,,,,,,,,,,,,,,,,,,,,,,,,,
The Adventures of Robin Hood,Nominee,1938,7.9,100,89,,,,,,,,,,,,,,,,,,,,,,,,
Alexander's Ragtime Band,Nominee,1938,6.9,80,46,,,,,,,,,,,,,,,,,,,,,,,,
Boys Town,Nominee,1938,7.3,90,81,,,,,,,,,,,,,,,,,,,,,,,,
The Citadel,Nominee,1938,7.1,89,72,,,,,,,,,,,,,,,,,,,,,,,,
Four Daughters,Nominee,1938,6.9,,,,,,,,,,,,,,,,,,,,,,,,,,
Grand Illusion,Nominee,1937,8.1,,,,,,,,,,,,,,,,,,,,,,,,,,
Jezebel,Nominee,1938,7.5,,,,,,,,,,,,,,,,,,,,,,,,,,
Pygmalion,Nominee,1938,7.8,,,,,,,,,,,,,,,,,,,,,,,,,,
Test Pilot,Nominee,1938,6.9,,,,,,,,,,,,,,,,,,,,,,,,,,
Gone with the Wind,Winner,1939,8.1,,,,,,,,,,,,,,,,,,,,,,,,,,
Dark Victory,Nominee,1939,7.5,88,81,,,,,,,,,,,,,,,,,,,,,,,,
"Goodbye, Mr. Chips",Nominee,1939,7.9,82,87,,,,,,,,,,,,,,,,,,,,,,,,
Love Affair,Nominee,1939,7.3,86,71,,,,,,,,,,,,,,,,,,,,,,,,
Mr. Smith Goes to Washington,Nominee,1939,8.1,96,94,,,,,,,,,,,,,,,,,,,,,,,,
Ninotchka,Nominee,1939,7.9,97,89,,,,,,,,,,,,,,,,,,,,,,,,
Of Mice and Men,Nominee,1939,7.9,100,85,,,,,,,,,,,,,,,,,,,,,,,,
Stagecoach,Nominee,1939,7.9,100,86,,,,,,,,,,,,,,,,,,,,,,,,
The Wizard of Oz,Nominee,1939,8,98,89,,,,,,,,,,,,,,,,,,,,,,,,
Wuthering Heights,Nominee,1939,7.6,96,85,,,,,,,,,,,,,,,,,,,,,,,,
Rebecca,Winner,1940,8.1,,,,,,,,,,,,,,,,,,,,,,,,,,
"All This, and Heaven Too",Nominee,1940,7.5,83,85,,,,,,,,,,,,,,,,,,,,,,,,
Foreign Correspondent,Nominee,1940,7.5,95,81,,,,,,,,,,,,,,,,,,,,,,,,
The Grapes of Wrath,Nominee,1940,8.1,100,88,,,,,,,,,,,,,,,,,,,,,,,,
The Great Dictator,Nominee,1940,8.4,93,95,,,,,,,,,,,,,,,,,,,,,,,,
Kitty Foyle,Nominee,1940,6.9,80,72,,,,,,,,,,,,,,,,,,,,,,,,
The Letter,Nominee,1940,7.6,100,82,,,,,,,,,,,,,,,,,,,,,,,,
The Long Voyage Home,Nominee,1940,7,,,,,,,,,,,,,,,,,,,,,,,,,,
Our Town,Nominee,1940,6.6,86,46,,,,,,,,,,,,,,,,,,,,,,,,
The Philadelphia Story,Nominee,1940,7.9,100,93,,,,,,,,,,,,,,,,,,,,,,,,
How Green Was My Valley,Winner,1941,7.7,89,81,,,,,,,,,,,,,,,,,,,,,,,,
Blossoms in the Dust,Nominee,1941,6.9,33,72,,,,,,,,,,,,,,,,,,,,,,,,
Citizen Kane,Nominee,1941,8.3,100,90,,,,,,,,,,,,,,,,,,,,,,,,
Here Comes Mr. Jordan,Nominee,1941,7.6,100,83,,,,,,,,,,,,,,,,,,,,,,,,
Hold Back the Dawn,Nominee,1941,7.4,,,,,,,,,,,,,,,,,,,,,,,,,,
The Little Foxes,Nominee,1941,8,100,88,,,,,,,,,,,,,,,,,,,,,,,,
The Maltese Falcon,Nominee,1941,8,100,91,,,,,,,,,,,,,,,,,,,,,,,,
One Foot in Heaven,Nominee,1941,6.8,,,,,,,,,,,,,,,,,,,,,,,,,,
Sergeant York,Nominee,1941,7.7,86,87,,,,,,,,,,,,,,,,,,,,,,,,
Suspicion,Nominee,1941,7.4,97,78,,,,,,,,,,,,,,,,,,,,,,,,
Mrs. Miniver,Winner,1942,7.6,93,85,,,,,,,,,,,,,,,,,,,,,,,,
49th Parallel,Nominee,1941,7.3,,,,,,,,,,,,,,,,,,,,,,,,,,
Kings Row,Nominee,1942,7.5,100,76,,,,,,,,,,,,,,,,,,,,,,,,
The Magnificent Ambersons,Nominee,1942,7.7,89,85,,,,,,,,,,,,,,,,,,,,,,,,
The Pied Piper,Nominee,1942,7.1,,,,,,,,,,,,,,,,,,,,,,,,,,
The Pride of the Yankees,Nominee,1942,7.7,93,89,,,,,,,,,,,,,,,,,,,,,,,,
Random Harvest,Nominee,1942,8,90,88,,,,,,,,,,,,,,,,,,,,,,,,
The Talk of the Town,Nominee,1942,7.5,94,84,,,,,,,,,,,,,,,,,,,,,,,,
Wake Island,Nominee,1942,6.8,,,,,,,,,,,,,,,,,,,,,,,,,,
Yankee Doodle Dandy,Nominee,1942,7.7,90,83,,,,,,,,,,,,,,,,,,,,,,,,
Casablanca,Winner,1942,8.5,99,95,,,,,,,,,,,,,,,,,,,,,,,,
For Whom the Bell Tolls,Nominee,1943,6.9,71,69,,,,,,,,,,,,,,,,,,,,,,,,
Heaven Can Wait,Nominee,1943,7.4,85,75,,,,,,,,,,,,,,,,,,,,,,,,
The Human Comedy,Nominee,1943,7,80,68,,,,,,,,,,,,,,,,,,,,,,,,
In Which We Serve,Nominee,1942,7.2,89,76,,,,,,,,,,,,,,,,,,,,,,,,
Madame Curie,Nominee,1943,7.2,86,67,,,,,,,,,,,,,,,,,,,,,,,,
The More the Merrier,Nominee,1943,7.7,94,82,,,,,,,,,,,,,,,,,,,,,,,,
The Ox-Bow Incident,Nominee,1942,8,,,,,,,,,,,,,,,,,,,,,,,,,,
The Song of Bernadette,Nominee,1943,7.6,87,80,,,,,,,,,,,,,,,,,,,,,,,,
Watch on the Rhine,Nominee,1943,7.3,80,63,,,,,,,,,,,,,,,,,,,,,,,,
Going My Way,Winner,1944,7.1,81,75,,,,,,,,,,,,,,,,,,,,,,,,
Double Indemnity,Nominee,1944,8.3,97,95,,,,,,,,,,,,,,,,,,,,,,,,
Gaslight,Nominee,1944,7.8,87,90,,,,,,,,,,,,,,,,,,,,,,,,
Since You Went Away,Nominee,1944,7.5,,,,,,,,,,,,,,,,,,,,,,,,,,
Wilson,Nominee,1944,6.4,,,,,,,,,,,,,,,,,,,,,,,,,,
The Lost Weekend,Winner,1945,7.9,97,90,,,,,,,,,,,,,,,,,,,,,,,,
Anchors Aweigh,Nominee,1945,7.1,62,79,,,,,,,,,,,,,,,,,,,,,,,,
The Bells of St. Mary's,Nominee,1945,7.3,,,,,,,,,,,,,,,,,,,,,,,,,,
Mildred Pierce,Nominee,1945,8,86,90,,,,,,,,,,,,,,,,,,,,,,,,
Spellbound,Nominee,1945,7.5,,,,,,,,,,,,,,,,,,,,,,,,,,
The Best Years of Our Lives,Winner,1946,8.1,97,93,,,,,,,,,,,,,,,,,,,,,,,,
Henry V,Nominee,1944,7.1,,,,,,,,,,,,,,,,,,,,,,,,,,
It's a Wonderful Life,Nominee,1946,8.6,94,95,,,,,,,,,,,,,,,,,,,,,,,,
The Razor's Edge,Nominee,1946,7.4,71,72,,,,,,,,,,,,,,,,,,,,,,,,
The Yearling,Nominee,1946,7.2,100,76,,,,,,,,,,,,,,,,,,,,,,,,
Gentleman's Agreement,Winner,1947,7.2,76,78,,,,,,,,,,,,,,,,,,,,,,,,
The Bishop's Wife,Nominee,1947,7.6,,,,,,,,,,,,,,,,,,,,,,,,,,
Crossfire,Nominee,1947,7.3,82,74,,,,,,,,,,,,,,,,,,,,,,,,
Great Expectations,Nominee,1946,7.8,,,,,,,,,,,,,,,,,,,,,,,,,,
Miracle on 34th Street,Nominee,1947,7.9,96,87,,,,,,,,,,,,,,,,,,,,,,,,
Hamlet,Winner,1948,7.6,95,80,,,,,,,,,,,,,,,,,,,,,,,,
Johnny Belinda,Nominee,1948,7.8,89,88,,,,,,,,,,,,,,,,,,,,,,,,
The Red Shoes,Nominee,1948,8.1,97,92,,,,,,,,,,,,,,,,,,,,,,,,
The Snake Pit,Nominee,1948,7.6,100,83,,,,,,,,,,,,,,,,,,,,,,,,
The Treasure of the Sierra Madre,Nominee,1948,8.2,100,93,,,,,,,,,,,,,,,,,,,,,,,,
All the King's Men,Winner,1949,7.5,95,78,,,,,,,,,,,,,,,,,,,,,,,,
Battleground,Nominee,1949,7.5,75,82,,,,,,,,,,,,,,,,,,,,,,,,
The Heiress,Nominee,1949,8.2,,,,,,,,,,,,,,,,,,,,,,,,,,
A Letter to Three Wives,Nominee,1949,7.7,94,86,,,,,,,,,,,,,,,,,,,,,,,,
Twelve O'Clock High,Nominee,1949,7.7,96,87,,,,,,,,,,,,,,,,,,,,,,,,
All About Eve,Winner,1950,8.2,99,94,,,,,,,,,,,,,,,,,,,,,,,,
Born Yesterday,Nominee,1950,7.6,97,86,,,,,,,,,,,,,,,,,,,,,,,,
Father of the Bride,Nominee,1950,7.2,90,74,,,,,,,,,,,,,,,,,,,,,,,,
King Solomon's Mines,Nominee,1950,6.8,92,59,,,,,,,,,,,,,,,,,,,,,,,,
Sunset Boulevard,Nominee,1950,8.4,99,95,,,,,,,,,,,,,,,,,,,,,,,,
An American in Paris,Winner,1951,7.2,96,79,,,,,,,,,,,,,,,,,,,,,,,,
Decision Before Dawn,Nominee,1951,7.2,100,71,,,,,,,,,,,,,,,,,,,,,,,,
A Place in the Sun,Nominee,1951,7.8,77,84,,,,,,,,,,,,,,,,,,,,,,,,
Quo Vadis,Nominee,1951,7.2,,,,,,,,,,,,,,,,,,,,,,,,,,
A Streetcar Named Desire,Nominee,1951,8,98,90,,,,,,,,,,,,,,,,,,,,,,,,
The Greatest Show on Earth,Winner,1952,6.6,42,54,,,,,,,,,,,,,,,,,,,,,,,,
High Noon,Nominee,1952,8,97,89,,,,,,,,,,,,,,,,,,,,,,,,
Ivanhoe,Nominee,1952,6.8,81,64,,,,,,,,,,,,,,,,,,,,,,,,
Moulin Rouge,Nominee,1952,7.1,78,90,,,,,,,,,,,,,,,,,,,,,,,,
The Quiet Man,Nominee,1952,7.8,91,91,,,,,,,,,,,,,,,,,,,,,,,,
From Here to Eternity,Winner,1953,7.6,92,84,,,,,,,,,,,,,,,,,,,,,,,,
Julius Caesar,Nominee,1953,7.3,95,81,,,,,,,,,,,,,,,,,,,,,,,,
The Robe,Nominee,1953,6.8,33,69,,,,,,,,,,,,,,,,,,,,,,,,
Roman Holiday,Nominee,1953,8,97,93,,,,,,,,,,,,,,,,,,,,,,,,
Shane,Nominee,1953,7.6,97,81,,,,,,,,,,,,,,,,,,,,,,,,
On the Waterfront,Winner,1954,8.1,99,95,,,,,,,,,,,,,,,,,,,,,,,,
The Caine Mutiny,Nominee,1954,7.7,92,87,,,,,,,,,,,,,,,,,,,,,,,,
The Country Girl,Nominee,1954,7.3,86,77,,,,,,,,,,,,,,,,,,,,,,,,
Seven Brides for Seven Brothers,Nominee,1954,7.4,88,87,,,,,,,,,,,,,,,,,,,,,,,,
Three Coins in the Fountain,Nominee,1954,6.3,60,43,,,,,,,,,,,,,,,,,,,,,,,,
Marty,Winner,1955,7.7,98,87,,,,,,,,,,,,,,,,,,,,,,,,
Love Is a Many-Splendored Thing,Nominee,1955,6.5,,,,,,,,,,,,,,,,,,,,,,,,,,
Mister Roberts,Nominee,1955,7.7,92,84,,,,,,,,,,,,,,,,,,,,,,,,
Picnic,Nominee,1955,7.1,50,54,,,,,,,,,,,,,,,,,,,,,,,,
The Rose Tattoo,Nominee,1955,7,67,74,,,,,,,,,,,,,,,,,,,,,,,,
Around the World in 80 Days,Winner,1956,6.8,69,57,,,,,,,,,,,,,,,,,,,,,,,,
Friendly Persuasion,Nominee,1956,7.4,88,81,,,,,,,,,,,,,,,,,,,,,,,,
Giant,Nominee,1956,7.6,95,87,,,,,,,,,,,,,,,,,,,,,,,,
The King and I,Nominee,1956,7.4,96,83,,,,,,,,,,,,,,,,,,,,,,,,
The Ten Commandments,Nominee,1956,7.9,89,87,,,,,,,,,,,,,,,,,,,,,,,,
The Bridge on the River Kwai,Winner,1957,8.1,95,93,,,,,,,,,,,,,,,,,,,,,,,,
12 Angry Men,Nominee,1957,9,,,,,,,,,,,,,,,,,,,,,,,,,,
Peyton Place,Nominee,1957,7.2,65,72,,,,,,,,,,,,,,,,,,,,,,,,
Sayonara,Nominee,1957,7.1,,,,,,,,,,,,,,,,,,,,,,,,,,
Witness for the Prosecution,Nominee,1957,8.4,100,95,,,,,,,,,,,,,,,,,,,,,,,,
Gigi,Winner,1958,6.7,81,74,,,,,,,,,,,,,,,,,,,,,,,,
Auntie Mame,Nominee,1958,7.9,93,93,,,,,,,,,,,,,,,,,,,,,,,,
Cat on a Hot Tin Roof,Nominee,1958,8,97,92,,,,,,,,,,,,,,,,,,,,,,,,
The Defiant Ones,Nominee,1958,7.6,83,87,,,,,,,,,,,,,,,,,,,,,,,,
Separate Tables,Nominee,1958,7.4,69,76,,,,,,,,,,,,,,,,,,,,,,,,
Ben-Hur,Winner,1959,8.1,86,89,,,,,,,,,,,,,,,,,,,,,,,,
Anatomy of a Murder,Nominee,1959,8,100,90,,,,,,,,,,,,,,,,,,,,,,,,
The Diary of Anne Frank,Nominee,1959,7.4,79,77,,,,,,,,,,,,,,,,,,,,,,,,
The Nun's Story,Nominee,1959,7.6,94,82,,,,,,,,,,,,,,,,,,,,,,,,
Room at the Top,Nominee,1959,7.5,,,,,,,,,,,,,,,,,,,,,,,,,,
The Apartment,Winner,1960,8.3,93,94,,,,,,,,,,,,,,,,,,,,,,,,
The Alamo,Nominee,1960,6.8,52,63,,,,,,,,,,,,,,,,,,,,,,,,
Elmer Gantry,Nominee,1960,7.8,,,,,,,,,,,,,,,,,,,,,,,,,,
Sons and Lovers,Nominee,1960,7.1,,,,,,,,,,,,,,,,,,,,,,,,,,
The Sundowners,Nominee,1960,7.1,75,62,,,,,,,,,,,,,,,,,,,,,,,,
West Side Story,Winner,1961,7.5,92,84,,,,,,,,,,,,,,,,,,,,,,,,
Fanny,Nominee,1961,6.9,,,,,,,,,,,,,,,,,,,,,,,,,,
The Guns of Navarone,Nominee,1961,7.5,92,86,,,,,,,,,,,,,,,,,,,,,,,,
The Hustler,Nominee,1961,8,98,93,,,,,,,,,,,,,,,,,,,,,,,,
Judgment at Nuremberg,Nominee,1961,8.2,,,,,,,,,,,,,,,,,,,,,,,,,,
Lawrence of Arabia,Winner,1962,8.3,98,93,,,,,,,,,,,,,,,,,,,,,,,,
The Longest Day,Nominee,1962,7.8,87,90,,,,,,,,,,,,,,,,,,,,,,,,
The Music Man,Nominee,1962,7.7,94,85,,,,,,,,,,,,,,,,,,,,,,,,
Mutiny on the Bounty,Winner,1962,7.2,68,73,,,,,,,,,,,,,,,,,,,,,,,,
To Kill a Mockingbird,Nominee,1962,8.3,,,,,,,,,,,,,,,,,,,,,,,,,,
Tom Jones,Winner,1963,6.5,82,58,,,,,,,,,,,,,,,,,,,,,,,,
America America,Nominee,1963,7.8,67,85,,,,,,,,,,,,,,,,,,,,,,,,
Cleopatra,Nominee,1963,7,62,69,,,,,,,,,,,,,,,,,,,,,,,,
How the West Was Won,Nominee,1962,7.1,,,,,,,,,,,,,,,,,,,,,,,,,,
Lilies of the Field,Nominee,1963,7.6,91,86,,,,,,,,,,,,,,,,,,,,,,,,
My Fair Lady,Winner,1964,7.8,,,,,,,,,,,,,,,,,,,,,,,,,,
Becket,Nominee,1964,7.8,76,87,,,,,,,,,,,,,,,,,,,,,,,,
Dr. Strangelove or: How I Learned to Stop Worrying and Love the Bomb,Nominee,1964,8.4,,,,,,,,,,,,,,,,,,,,,,,,,,
Mary Poppins,Nominee,1964,7.8,100,86,,,,,,,,,,,,,,,,,,,,,,,,
Zorba the Greek,Nominee,1964,7.7,80,86,,,,,,,,,,,,,,,,,,,,,,,,
The Sound of Music,Winner,1965,8,83,91,,,,,,,,,,,,,,,,,,,,,,,,
Darling,Nominee,1965,7.1,67,71,,,,,,,,,,,,,,,,,,,,,,,,
Doctor Zhivago,Nominee,1965,8,84,88,,,,,,,,,,,,,,,,,,,,,,,,
Ship of Fools,Nominee,1965,7.1,72,78,,,,,,,,,,,,,,,,,,,,,,,,
A Thousand Clowns,Nominee,1965,7.4,,,,,,,,,,,,,,,,,,,,,,,,,,
A Man for All Seasons,Winner,1966,7.7,83,87,,,,,,,,,,,,,,,,,,,,,,,,
Alfie,Nominee,1966,7,96,76,,,,,,,,,,,,,,,,,,,,,,,,
"The Russians Are Coming, the Russians Are Coming",Nominee,1966,7,86,75,,,,,,,,,,,,,,,,,,,,,,,,
The Sand Pebbles,Nominee,1966,7.6,89,88,,,,,,,,,,,,,,,,,,,,,,,,
Who's Afraid of Virginia Woolf?,Nominee,1966,8,95,91,,,,,,,,,,,,,,,,,,,,,,,,
In the Heat of the Night,Winner,1967,7.9,95,92,,,,,,,,,,,,,,,,,,,,,,,,
Bonnie and Clyde,Nominee,1967,7.8,88,88,,,,,,,,,,,,,,,,,,,,,,,,
Doctor Dolittle,Nominee,1967,6.2,29,57,,,,,,,,,,,,,,,,,,,,,,,,
The Graduate,Nominee,1967,8,87,90,,,,,,,,,,,,,,,,,,,,,,,,
Guess Who's Coming to Dinner,Nominee,1967,7.8,70,85,,,,,,,,,,,,,,,,,,,,,,,,
Oliver!,Winner,1968,7.4,82,81,,,,,,,,,,,,,,,,,,,,,,,,
Funny Girl,Nominee,1968,7.4,93,85,,,,,,,,,,,,,,,,,,,,,,,,
The Lion in Winter,Nominee,1968,7.9,90,90,,,,,,,,,,,,,,,,,,,,,,,,
"Rachel, Rachel",Nominee,1968,7.3,86,77,,,,,,,,,,,,,,,,,,,,,,,,
Romeo and Juliet,Nominee,1968,7.6,95,74,,,,,,,,,,,,,,,,,,,,,,,,
Midnight Cowboy,Winner,1969,7.8,88,88,,,,,,,,,,,,,,,,,,,,,,,,
Anne of the Thousand Days,Nominee,1969,7.5,38,83,,,,,,,,,,,,,,,,,,,,,,,,
Butch Cassidy and the Sundance Kid,Nominee,1969,8,90,92,,,,,,,,,,,,,,,,,,,,,,,,
"Hello, Dolly!",Nominee,1969,7.1,43,76,,,,,,,,,,,,,,,,,,,,,,,,
Z,Nominee,1969,8.3,93,93,,,,,,,,,,,,,,,,,,,,,,,,
Patton,Winner,1970,7.9,94,93,,,,,,,,,,,,,,,,,,,,,,,,
Airport,Nominee,1970,6.6,73,53,,,,,,,,,,,,,,,,,,,,,,,,
Five Easy Pieces,Nominee,1970,7.5,88,84,,,,,,,,,,,,,,,,,,,,,,,,
Love Story,Nominee,1970,6.9,68,75,,,,,,,,,,,,,,,,,,,,,,,,
M*A*S*H,Nominee,1970,7.5,87,83,,,,,,,,,,,,,,,,,,,,,,,,
The French Connection,Winner,1971,7.7,98,87,,,,,,,,,,,,,,,,,,,,,,,,
A Clockwork Orange,Nominee,1971,8.3,88,93,,,,,,,,,,,,,,,,,,,,,,,,
Fiddler on the Roof,Nominee,1971,8,83,92,,,,,,,,,,,,,,,,,,,,,,,,
The Last Picture Show,Nominee,1971,8,100,90,,,,,,,,,,,,,,,,,,,,,,,,
Nicholas and Alexandra,Nominee,1971,7.2,67,78,,,,,,,,,,,,,,,,,,,,,,,,
The Godfather,Winner,1972,9.2,98,98,,,,,,,,,,,,,,,,,,,,,,,,
Cabaret,Nominee,1972,7.8,93,87,,,,,,,,,,,,,,,,,,,,,,,,
Deliverance,Nominee,1972,7.7,89,82,,,,,,,,,,,,,,,,,,,,,,,,
The Emigrants,Nominee,1971,8,93,87,,,,,,,,,,,,,,,,,,,,,,,,
Sounder,Nominee,1972,7.6,90,77,,,,,,,,,,,,,,,,,,,,,,,,
The Sting,Winner,1973,8.3,94,95,,,,,,,,,,,,,,,,,,,,,,,,
American Graffiti,Nominee,1973,7.4,96,84,,,,,,,,,,,,,,,,,,,,,,,,
Cries and Whispers,Nominee,1972,8.1,90,91,,,,,,,,,,,,,,,,,,,,,,,,
The Exorcist,Nominee,1973,8,83,87,,,,,,,,,,,,,,,,,,,,,,,,
A Touch of Class,Nominee,1973,6.5,83,64,,,,,,,,,,,,,,,,,,,,,,,,
The Godfather Part II,Winner,1974,9,96,97,,,,,,,,,,,,,,,,,,,,,,,,
Chinatown,Nominee,1974,8.2,99,93,,,,,,,,,,,,,,,,,,,,,,,,
The Conversation,Nominee,1974,7.8,96,90,,,,,,,,,,,,,,,,,,,,,,,,
Lenny,Nominee,1974,7.6,88,88,,,,,,,,,,,,,,,,,,,,,,,,
The Towering Inferno,Nominee,1974,7,69,72,,,,,,,,,,,,,,,,,,,,,,,,
One Flew Over the Cuckoo's Nest,Winner,1975,8.7,94,96,,,,,,,,,,,,,,,,,,,,,,,,
Barry Lyndon,Nominee,1975,8.1,91,92,,,,,,,,,,,,,,,,,,,,,,,,
Dog Day Afternoon,Nominee,1975,8,96,90,,,,,,,,,,,,,,,,,,,,,,,,
Jaws,Nominee,1975,8,98,90,,,,,,,,,,,,,,,,,,,,,,,,
Nashville,Nominee,1975,7.7,90,84,,,,,,,,,,,,,,,,,,,,,,,,
Rocky,Winner,1976,8.1,94,69,,,,,,,,,,,,,,,,,,,,,,,,
All the President's Men,Nominee,1976,8,94,92,,,,,,,,,,,,,,,,,,,,,,,,
Bound for Glory,Nominee,1976,7.3,83,77,,,,,,,,,,,,,,,,,,,,,,,,
Network,Nominee,1976,8.1,91,93,,,,,,,,,,,,,,,,,,,,,,,,
Taxi Driver,Nominee,1976,8.2,96,93,,,,,,,,,,,,,,,,,,,,,,,,
Annie Hall,Winner,1977,8,98,92,,,,,,,,,,,,,,,,,,,,,,,,
The Goodbye Girl,Nominee,1977,7.4,84,84,,,,,,,,,,,,,,,,,,,,,,,,
Julia,Nominee,1977,7.2,74,70,,,,,,,,,,,,,,,,,,,,,,,,
Star Wars,Nominee,1977,8.6,92,96,,,,,,,,,,,,,,,,,,,,,,,,
The Turning Point,Nominee,1977,6.9,63,67,,,,,,,,,,,,,,,,,,,,,,,,
The Deer Hunter,Winner,1978,8.1,93,92,,,,,,,,,,,,,,,,,,,,,,,,
Coming Home,Nominee,1978,7.3,85,83,,,,,,,,,,,,,,,,,,,,,,,,
Heaven Can Wait,Nominee,1978,6.9,88,68,,,,,,,,,,,,,,,,,,,,,,,,
Midnight Express,Nominee,1978,7.6,96,89,,,,,,,,,,,,,,,,,,,,,,,,
An Unmarried Woman,Nominee,1978,7.2,90,73,,,,,,,,,,,,,,,,,,,,,,,,
Kramer vs. Kramer,Winner,1979,7.8,88,89,,,,,,,,,,,,,,,,,,,,,,,,
All That Jazz,Nominee,1979,7.9,87,86,,,,,,,,,,,,,,,,,,,,,,,,
Apocalypse Now,Nominee,1979,8.4,98,94,,,,,,,,,,,,,,,,,,,,,,,,
Breaking Away,Nominee,1979,7.7,95,88,,,,,,,,,,,,,,,,,,,,,,,,
Norma Rae,Nominee,1979,7.3,90,79,,,,,,,,,,,,,,,,,,,,,,,,
Ordinary People,Winner,1980,7.7,89,88,,,,,,,,,,,,,,,,,,,,,,,,
Coal Miner's Daughter,Nominee,1980,7.5,86,86,,,,,,,,,,,,,,,,,,,,,,,,
The Elephant Man,Nominee,1980,8.1,92,93,,,,,,,,,,,,,,,,,,,,,,,,
Raging Bull,Nominee,1980,8.2,93,93,,,,,,,,,,,,,,,,,,,,,,,,
Tess,Nominee,1980,7.3,81,78,,,,,,,,,,,,,,,,,,,,,,,,
Chariots of Fire,Winner,1981,7.2,82,80,,,,,,,,,,,,,,,,,,,,,,,,
Atlantic City,Nominee,1980,7.3,100,77,,,,,,,,,,,,,,,,,,,,,,,,
On Golden Pond,Nominee,1981,7.6,93,87,,,,,,,,,,,,,,,,,,,,,,,,
Raiders of the Lost Ark,Nominee,1981,8.4,95,96,,,,,,,,,,,,,,,,,,,,,,,,
Reds,Nominee,1981,7.6,90,82,,,,,,,,,,,,,,,,,,,,,,,,
Gandhi,Winner,1982,8,85,92,,,,,,,,,,,,,,,,,,,,,,,,
E.T. the Extra-Terrestrial,Nominee,1982,7.8,99,72,,,,,,,,,,,,,,,,,,,,,,,,
Missing,Nominee,1982,7.7,94,85,,,,,,,,,,,,,,,,,,,,,,,,
Tootsie,Nominee,1982,7.4,90,81,,,,,,,,,,,,,,,,,,,,,,,,
The Verdict,Nominee,1982,7.7,88,88,,,,,,,,,,,,,,,,,,,,,,,,
Terms of Endearment,Winner,1983,7.4,78,83,,,,,,,,,,,,,,,,,,,,,,,,
The Big Chill,Nominee,1983,7.2,68,77,,,,,,,,,,,,,,,,,,,,,,,,
The Dresser,Nominee,1983,7.6,100,87,,,,,,,,,,,,,,,,,,,,,,,,
The Right Stuff,Nominee,1983,7.8,96,90,,,,,,,,,,,,,,,,,,,,,,,,
Tender Mercies,Nominee,1983,7.4,84,82,,,,,,,,,,,,,,,,,,,,,,,,
Amadeus,Winner,1984,8.3,93,95,,,,,,,,,,,,,,,,,,,,,,,,
The Killing Fields,Nominee,1984,7.8,93,92,,,,,,,,,,,,,,,,,,,,,,,,
A Passage to India,Nominee,1984,7.3,76,78,,,,,,,,,,,,,,,,,,,,,,,,
Places in the Heart,Nominee,1984,7.4,89,83,,,,,,,,,,,,,,,,,,,,,,,,
A Soldier's Story,Nominee,1984,7.2,90,81,,,,,,,,,,,,,,,,,,,,,,,,
Out of Africa,Winner,1985,7.2,59,83,,,,,,,,,,,,,,,,,,,,,,,,
The Color Purple,Nominee,1985,7.8,81,94,,,,,,,,,,,,,,,,,,,,,,,,
Kiss of the Spider Woman,Nominee,1985,7.4,87,81,,,,,,,,,,,,,,,,,,,,,,,,
Prizzi's Honor,Nominee,1985,6.7,85,62,,,,,,,,,,,,,,,,,,,,,,,,
Witness,Nominee,1985,7.4,93,80,,,,,,,,,,,,,,,,,,,,,,,,
Platoon,Winner,1986,8.1,88,93,,,,,,,,,,,,,,,,,,,,,,,,
Children of a Lesser God,Nominee,1986,7.2,82,79,,,,,,,,,,,,,,,,,,,,,,,,
Hannah and Her Sisters,Nominee,1986,7.9,91,90,,,,,,,,,,,,,,,,,,,,,,,,
The Mission,Nominee,1986,7.4,64,87,,,,,,,,,,,,,,,,,,,,,,,,
A Room with a View,Nominee,1985,7.3,100,85,,,,,,,,,,,,,,,,,,,,,,,,
The Last Emperor,Winner,1987,7.7,89,88,,,,,,,,,,,,,,,,,,,,,,,,
Broadcast News,Nominee,1987,7.2,98,79,,,,,,,,,,,,,,,,,,,,,,,,
Fatal Attraction,Nominee,1987,6.9,76,72,,,,,,,,,,,,,,,,,,,,,,,,
Hope and Glory,Nominee,1987,7.3,95,82,,,,,,,,,,,,,,,,,,,,,,,,
Moonstruck,Nominee,1987,7.1,93,81,,,,,,,,,,,,,,,,,,,,,,,,
Rain Man,Winner,1988,8,89,90,,,,,,,,,,,,,,,,,,,,,,,,
The Accidental Tourist,Nominee,1988,6.8,81,60,,,,,,,,,,,,,,,,,,,,,,,,
Dangerous Liaisons,Nominee,1988,7.6,93,83,,,,,,,,,,,,,,,,,,,,,,,,
Mississippi Burning,Nominee,1988,7.8,84,90,,,,,,,,,,,,,,,,,,,,,,,,
Working Girl,Nominee,1988,6.8,84,67,,,,,,,,,,,,,,,,,,,,,,,,
Driving Miss Daisy,Winner,1989,7.4,82,81,,,,,,,,,,,,,,,,,,,,,,,,
Born on the Fourth of July,Nominee,1989,7.2,85,76,,,,,,,,,,,,,,,,,,,,,,,,
Dead Poets Society,Nominee,1989,8.1,84,92,,,,,,,,,,,,,,,,,,,,,,,,
Field of Dreams,Nominee,1989,7.5,87,86,,,,,,,,,,,,,,,,,,,,,,,,
My Left Foot,Nominee,1989,7.9,98,92,,,,,,,,,,,,,,,,,,,,,,,,
Dances with Wolves,Winner,1990,8,83,87,,,,,,,,,,,,,,,,,,,,,,,,
Awakenings,Nominee,1990,7.8,88,89,,,,,,,,,,,,,,,,,,,,,,,,
Ghost,Nominee,1990,7.1,74,80,,,,,,,,,,,,,,,,,,,,,,,,
The Godfather Part III,Nominee,1990,7.6,67,62,,,,,,,,,,,,,,,,,,,,,,,,
Goodfellas,Nominee,1990,8.7,96,97,,,,,,,,,,,,,,,,,,,,,,,,
The Silence of the Lambs,Winner,1991,8.6,96,95,,,,,,,,,,,,,,,,,,,,,,,,
Beauty and the Beast,Nominee,1991,8,94,92,,,,,,,,,,,,,,,,,,,,,,,,
Bugsy,Nominee,1991,6.8,85,69,,,,,,,,,,,,,,,,,,,,,,,,
JFK,Nominee,1991,8,84,88,,,,,,,,,,,,,,,,,,,,,,,,
The Prince of Tides,Nominee,1991,6.7,69,70,,,,,,,,,,,,,,,,,,,,,,,,
Unforgiven,Winner,1992,8.2,96,93,,,,,,,,,,,,,,,,,,,,,,,,
The Crying Game,Nominee,1992,7.3,94,78,,,,,,,,,,,,,,,,,,,,,,,,
A Few Good Men,Nominee,1992,7.7,83,89,,,,,,,,,,,,,,,,,,,,,,,,
Howards End,Nominee,1992,7.4,94,82,,,,,,,,,,,,,,,,,,,,,,,,
Scent of a Woman,Nominee,1992,8,89,92,,,,,,,,,,,,,,,,,,,,,,,,
Schindler's List,Winner,1993,8.9,97,97,,,,,,,,,,,,,,,,,,,,,,,,
The Fugitive,Nominee,1993,7.8,96,89,,,,,,,,,,,,,,,,,,,,,,,,
In the Name of the Father,Nominee,1993,8.1,94,95,,,,,,,,,,,,,,,,,,,,,,,,
The Piano,Nominee,1993,7.6,92,86,,,,,,,,,,,,,,,,,,,,,,,,
The Remains of the Day,Nominee,1993,7.8,95,89,,,,,,,,,,,,,,,,,,,,,,,,
Forrest Gump,Winner,1994,8.8,71,95,,,,,,,,,,,,,,,,,,,,,,,,
Four Weddings and a Funeral,Nominee,1994,7.1,96,74,,,,,,,,,,,,,,,,,,,,,,,,
Pulp Fiction,Nominee,1994,8.9,92,96,,,,,,,,,,,,,,,,,,,,,,,,
Quiz Show,Nominee,1994,7.5,96,87,,,,,,,,,,,,,,,,,,,,,,,,
The Shawshank Redemption,Nominee,1994,9.3,91,98,,,,,,,,,,,,,,,,,,,,,,,,
Braveheart,Winner,1995,8.3,78,85,,,,,,,,,,,,,,,,,,,,,,,,
Apollo 13,Nominee,1995,7.6,96,87,,,,,,,,,,,,,,,,,,,,,,,,
Babe,Nominee,1995,6.8,97,67,,,,,,,,,,,,,,,,,,,,,,,,
The Postman (Il Postino),Nominee,1994,7.7,94,94,,,,,,,,,,,,,,,,,,,,,,,,
Sense and Sensibility,Nominee,1995,7.7,97,90,,,,,,,,,,,,,,,,,,,,,,,,
The English Patient,Winner,1996,7.4,85,83,,,,,,,,,,,,,,,,,,,,,,,,
Fargo,Nominee,1996,8.1,94,93,,,,,,,,,,,,,,,,,,,,,,,,
Jerry Maguire,Nominee,1996,7.3,84,79,,,,,,,,,,,,,,,,,,,,,,,,
Secrets & Lies,Nominee,1996,8,95,91,,,,,,,,,,,,,,,,,,,,,,,,
Shine,Nominee,1996,7.7,91,90,,,,,,,,,,,,,,,,,,,,,,,,
Titanic,Winner,1997,7.8,89,69,,,,,,,,,,,,,,,,,,,,,,,,
As Good as It Gets,Nominee,1997,7.7,85,86,,,,,,,,,,,,,,,,,,,,,,,,
The Full Monty,Nominee,1997,7.2,96,79,,,,,,,,,,,,,,,,,,,,,,,,
Good Will Hunting,Nominee,1997,8.3,97,94,,,,,,,,,,,,,,,,,,,,,,,,
L.A. Confidential,Nominee,1997,8.2,99,94,,,,,,,,,,,,,,,,,,,,,,,,
Shakespeare in Love,Winner,1998,7.1,92,80,,,,,,,,,,,,,,,,,,,,,,,,
Elizabeth,Nominee,1998,7.4,82,86,,,,,,,,,,,,,,,,,,,,,,,,
Life Is Beautiful,Nominee,1997,8.6,80,96,,,,,,,,,,,,,,,,,,,,,,,,
Saving Private Ryan,Nominee,1998,8.6,93,95,,,,,,,,,,,,,,,,,,,,,,,,
The Thin Red Line,Nominee,1998,7.6,80,80,,,,,,,,,,,,,,,,,,,,,,,,
American Beauty,Winner,1999,8.3,87,93,,,,,,,,,,,,,,,,,,,,,,,,
The Cider House Rules,Nominee,1999,7.4,71,77,,,,,,,,,,,,,,,,,,,,,,,,
The Green Mile,Nominee,1999,8.6,78,94,,,,,,,,,,,,,,,,,,,,,,,,
The Insider,Nominee,1999,7.8,96,90,,,,,,,,,,,,,,,,,,,,,,,,
The Sixth Sense,Nominee,1999,8.1,86,90,,,,,,,,,,,,,,,,,,,,,,,,
Gladiator,Winner,2000,8.5,77,87,,,,,,,,,,,,,,,,,,,,,,,,
Chocolat,Nominee,2000,7.2,62,83,,,,,,,,,,,,,,,,,,,,,,,,
"Crouching Tiger, Hidden Dragon",Nominee,2000,7.8,97,86,,,,,,,,,,,,,,,,,,,,,,,,
Erin Brockovich,Nominee,2000,7.4,84,81,,,,,,,,,,,,,,,,,,,,,,,,
Traffic,Nominee,2000,7.6,93,85,,,,,,,,,,,,,,,,,,,,,,,,
A Beautiful Mind,Winner,2001,8.2,74,93,,,,,,,,,,,,,,,,,,,,,,,,
Gosford Park,Nominee,2001,7.2,86,78,,,,,,,,,,,,,,,,,,,,,,,,
In the Bedroom,Nominee,2001,7.4,93,81,,,,,,,,,,,,,,,,,,,,,,,,
The Lord of the Rings: The Fellowship of the Ring,Nominee,2001,8.8,91,95,,,,,,,,,,,,,,,,,,,,,,,,
Moulin Rouge!,Nominee,2001,7.6,76,89,,,,,,,,,,,,,,,,,,,,,,,,
Chicago,Winner,2002,7.2,86,83,,,,,,,,,,,,,,,,,,,,,,,,
Gangs of New York,Nominee,2002,7.5,73,81,,,,,,,,,,,,,,,,,,,,,,,,
The Hours,Nominee,2002,7.5,80,84,,,,,,,,,,,,,,,,,,,,,,,,
The Lord of the Rings: The Two Towers,Nominee,2002,8.7,95,95,,,,,,,,,,,,,,,,,,,,,,,,
The Pianist,Nominee,2002,8.5,95,96,,,,,,,,,,,,,,,,,,,,,,,,
The Lord of the Rings: The Return of the King,Winner,2003,8.9,93,86,,,,,,,,,,,,,,,,,,,,,,,,
Lost in Translation,Nominee,2003,7.7,95,85,,,,,,,,,,,,,,,,,,,,,,,,
Master and Commander: The Far Side of the World,Nominee,2003,7.4,85,80,,,,,,,,,,,,,,,,,,,,,,,,
Mystic River,Nominee,2003,7.9,88,89,,,,,,,,,,,,,,,,,,,,,,,,
Seabiscuit,Nominee,2003,7.3,78,76,,,,,,,,,,,,,,,,,,,,,,,,
Million Dollar Baby,Winner,2004,8.1,91,90,,,,,,,,,,,,,,,,,,,,,,,,
The Aviator,Nominee,2004,7.5,86,79,,,,,,,,,,,,,,,,,,,,,,,,
Finding Neverland,Nominee,2004,7.7,83,87,,,,,,,,,,,,,,,,,,,,,,,,
Ray,Nominee,2004,7.7,80,87,,,,,,,,,,,,,,,,,,,,,,,,
Sideways,Nominee,2004,7.5,97,79,,,,,,,,,,,,,,,,,,,,,,,,
Crash,Winner,2005,7.7,74,88,,,,,,,,,,,,,,,,,,,,,,,,
Brokeback Mountain,Nominee,2005,7.7,87,82,,,,,,,,,,,,,,,,,,,,,,,,
Capote,Nominee,2005,7.3,90,82,,,,,,,,,,,,,,,,,,,,,,,,
"Good Night, and Good Luck",Nominee,2005,7.4,93,83,,,,,,,,,,,,,,,,,,,,,,,,
Munich,Nominee,2005,7.5,78,83,,,,,,,,,,,,,,,,,,,,,,,,
The Departed,Winner,2006,8.5,91,94,,,,,,,,,,,,,,,,,,,,,,,,
Babel,Nominee,2006,7.4,69,77,,,,,,,,,,,,,,,,,,,,,,,,
Letters from Iwo Jima,Nominee,2006,7.9,91,86,,,,,,,,,,,,,,,,,,,,,,,,
Little Miss Sunshine,Nominee,2006,7.8,91,91,,,,,,,,,,,,,,,,,,,,,,,,
The Queen,Nominee,2006,7.3,96,76,,,,,,,,,,,,,,,,,,,,,,,,
No Country for Old Men,Winner,2007,8.1,93,86,,,,,,,,,,,,,,,,,,,,,,,,
Atonement,Nominee,2007,7.8,83,80,,,,,,,,,,,,,,,,,,,,,,,,
Juno,Nominee,2007,7.4,94,88,,,,,,,,,,,,,,,,,,,,,,,,
Michael Clayton,Nominee,2007,7.2,91,69,,,,,,,,,,,,,,,,,,,,,,,,
There Will Be Blood,Nominee,2007,8.2,92,86,,,,,,,,,,,,,,,,,,,,,,,,
Slumdog Millionaire,Winner,2008,8,91,90,,,,,,,,,,,,,,,,,,,,,,,,
The Curious Case of Benjamin Button,Nominee,2008,7.8,72,80,,,,,,,,,,,,,,,,,,,,,,,,
Frost/Nixon,Nominee,2008,7.7,93,88,,,,,,,,,,,,,,,,,,,,,,,,
Milk,Nominee,2008,7.5,93,89,,,,,,,,,,,,,,,,,,,,,,,,
The Reader,Nominee,2008,7.6,63,79,,,,,,,,,,,,,,,,,,,,,,,,
The Hurt Locker,Winner,2008,7.5,97,84,,,,,,,,,,,,,,,,,,,,,,,,
Avatar,Nominee,2009,7.8,82,82,,,,,,,,,,,,,,,,,,,,,,,,
The Blind Side,Nominee,2009,7.6,66,85,,,,,,,,,,,,,,,,,,,,,,,,
District 9,Nominee,2009,7.9,90,82,,,,,,,,,,,,,,,,,,,,,,,,
An Education,Nominee,2009,7.3,94,80,,,,,,,,,,,,,,,,,,,,,,,,
Inglourious Basterds,Nominee,2009,8.3,89,88,,,,,,,,,,,,,,,,,,,,,,,,
Precious: Based on the Novel 'Push' by Sapphire,Nominee,2009,7.3,92,81,,,,,,,,,,,,,,,,,,,,,,,,
A Serious Man,Nominee,2009,7.1,90,68,,,,,,,,,,,,,,,,,,,,,,,,
Up,Nominee,2009,8.2,98,90,,,,,,,,,,,,,,,,,,,,,,,,
Up in the Air,Nominee,2009,7.4,91,79,,,,,,,,,,,,,,,,,,,,,,,,
The King's Speech,Winner,2010,8,94,92,,,,,,,,,,,,,,,,,,,,,,,,
127 Hours,Nominee,2010,7.5,93,85,,,,,,,,,,,,,,,,,,,,,,,,
Black Swan,Nominee,2010,8,85,84,,,,,,,,,,,,,,,,,,,,,,,,
The Fighter,Nominee,2010,7.8,90,89,,,,,,,,,,,,,,,,,,,,,,,,
Inception,Nominee,2010,8.8,87,91,,,,,,,,,,,,,,,,,,,,,,,,
The Kids Are All Right,Nominee,2010,7,92,74,,,,,,,,,,,,,,,,,,,,,,,,
The Social Network,Nominee,2010,7.7,96,86,,,,,,,,,,,,,,,,,,,,,,,,
Toy Story 3,Nominee,2010,8.2,98,89,,,,,,,,,,,,,,,,,,,,,,,,
True Grit,Nominee,2010,7.6,96,85,,,,,,,,,,,,,,,,,,,,,,,,
Winter's Bone,Nominee,2010,7.2,94,76,,,,,,,,,,,,,,,,,,,,,,,,
The Artist,Winner,2011,7.9,95,87,,,,,,,,,,,,,,,,,,,,,,,,
The Descendants,Nominee,2011,7.3,88,79,,,,,,,,,,,,,,,,,,,,,,,,
Extremely Loud & Incredibly Close,Nominee,2011,6.9,45,61,,,,,,,,,,,,,,,,,,,,,,,,
The Help,Nominee,2011,8,76,89,,,,,,,,,,,,,,,,,,,,,,,,
Hugo,Nominee,2011,7.5,93,78,,,,,,,,,,,,,,,,,,,,,,,,
Midnight in Paris,Nominee,2011,7.7,93,83,,,,,,,,,,,,,,,,,,,,,,,,
Moneyball,Nominee,2011,7.6,94,86,,,,,,,,,,,,,,,,,,,,,,,,
The Tree of Life,Nominee,2011,6.8,85,60,,,,,,,,,,,,,,,,,,,,,,,,
War Horse,Nominee,2011,7.2,75,74,,,,,,,,,,,,,,,,,,,,,,,,
Argo,Winner,2012,7.7,96,90,,,,,,,,,,,,,,,,,,,,,,,,
Amour,Nominee,2012,7.9,93,82,,,,,,,,,,,,,,,,,,,,,,,,
Beasts of the Southern Wild,Nominee,2012,7.3,87,76,,,,,,,,,,,,,,,,,,,,,,,,
Django Unchained,Nominee,2012,8.4,87,91,,,,,,,,,,,,,,,,,,,,,,,,
Life of Pi,Nominee,2012,7.9,87,84,,,,,,,,,,,,,,,,,,,,,,,,
Lincoln,Nominee,2012,7.3,89,81,,,,,,,,,,,,,,,,,,,,,,,,
Les Misérables,Nominee,2012,7.6,69,79,,,,,,,,,,,,,,,,,,,,,,,,
Silver Linings Playbook,Nominee,2012,7.7,92,86,,,,,,,,,,,,,,,,,,,,,,,,
Zero Dark Thirty,Nominee,2012,7.4,91,80,,,,,,,,,,,,,,,,,,,,,,,,
12 Years a Slave,Winner,2013,8.1,95,90,,,,,,,,,,,,,,,,,,,,,,,,
American Hustle,Nominee,2013,7.2,92,74,,,,,,,,,,,,,,,,,,,,,,,,
Captain Phillips,Nominee,2013,7.8,93,89,,,,,,,,,,,,,,,,,,,,,,,,
Dallas Buyers Club,Nominee,2013,8,93,91,,,,,,,,,,,,,,,,,,,,,,,,
Gravity,Nominee,2013,7.7,96,80,,,,,,,,,,,,,,,,,,,,,,,,
Her,Nominee,2013,8,95,82,,,,,,,,,,,,,,,,,,,,,,,,
Nebraska,Nominee,2013,7.7,91,83,,,,,,,,,,,,,,,,,,,,,,,,
Philomena,Nominee,2013,7.6,90,89,,,,,,,,,,,,,,,,,,,,,,,,
The Wolf of Wall Street,Nominee,2013,8.2,80,83,,,,,,,,,,,,,,,,,,,,,,,,
Birdman or (The Unexpected Virtue of Ignorance),Winner,2014,7.7,91,78,,,,,,,,,,,,,,,,,,,,,,,,
American Sniper,Nominee,2014,7.3,72,84,,,,,,,,,,,,,,,,,,,,,,,,
Boyhood,Nominee,2014,7.9,97,81,,,,,,,,,,,,,,,,,,,,,,,,
The Grand Budapest Hotel,Nominee,2014,8.1,91,86,,,,,,,,,,,,,,,,,,,,,,,,
The Imitation Game,Nominee,2014,8,89,91,,,,,,,,,,,,,,,,,,,,,,,,
Selma,Nominee,2014,7.5,99,86,,,,,,,,,,,,,,,,,,,,,,,,
The Theory of Everything,Nominee,2014,7.7,80,84,,,,,,,,,,,,,,,,,,,,,,,,
Whiplash,Nominee,2014,8.5,94,94,,,,,,,,,,,,,,,,,,,,,,,,
Spotlight,Winner,2015,8.1,97,93,,,,,,,,,,,,,,,,,,,,,,,,
The Big Short,Nominee,2015,7.8,88,88,,,,,,,,,,,,,,,,,,,,,,,,
Bridge of Spies,Nominee,2015,7.6,90,87,,,,,,,,,,,,,,,,,,,,,,,,
Brooklyn,Nominee,2015,7.5,97,87,,,,,,,,,,,,,,,,,,,,,,,,
Mad Max: Fury Road,Nominee,2015,8.1,97,85,,,,,,,,,,,,,,,,,,,,,,,,
The Martian,Nominee,2015,8,91,91,,,,,,,,,,,,,,,,,,,,,,,,
The Revenant,Nominee,2015,8,78,84,,,,,,,,,,,,,,,,,,,,,,,,
Room,Nominee,2015,8.1,93,93,,,,,,,,,,,,,,,,,,,,,,,,
Moonlight,Winner,2016,7.4,98,79,,,,,,,,,,,,,,,,,,,,,,,,
Arrival,Nominee,2016,7.9,94,82,,,,,,,,,,,,,,,,,,,,,,,,
Fences,Nominee,2016,7.2,92,75,,,,,,,,,,,,,,,,,,,,,,,,
Hacksaw Ridge,Nominee,2016,8.1,84,91,,,,,,,,,,,,,,,,,,,,,,,,
Hell or High Water,Nominee,2016,7.6,97,88,,,,,,,,,,,,,,,,,,,,,,,,
Hidden Figures,Nominee,2016,7.8,93,93,,,,,,,,,,,,,,,,,,,,,,,,
La La Land,Nominee,2016,8,91,81,,,,,,,,,,,,,,,,,,,,,,,,
Lion,Nominee,2016,8,84,91,,,,,,,,,,,,,,,,,,,,,,,,
Manchester by the Sea,Nominee,2016,7.8,96,78,,,,,,,,,,,,,,,,,,,,,,,,
The Shape of Water,Winner,2017,7.3,92,72,,,,,,,,,,,,,,,,,,,,,,,,
Call Me by Your Name,Nominee,2017,7.9,94,86,,,,,,,,,,,,,,,,,,,,,,,,
Darkest Hour,Nominee,2017,7.4,84,82,,,,,,,,,,,,,,,,,,,,,,,,
Dunkirk,Nominee,2017,7.8,92,81,,,,,,,,,,,,,,,,,,,,,,,,
Get Out,Nominee,2017,7.7,98,86,,,,,,,,,,,,,,,,,,,,,,,,
Lady Bird,Nominee,2017,7.4,99,79,,,,,,,,,,,,,,,,,,,,,,,,
Phantom Thread,Nominee,2017,7.5,91,71,,,,,,,,,,,,,,,,,,,,,,,,
The Post,Nominee,2017,7.2,88,73,,,,,,,,,,,,,,,,,,,,,,,,
"Three Billboards Outside Ebbing, Missouri",Nominee,2017,8.1,90,87,,,,,,,,,,,,,,,,,,,,,,,,
Green Book,Winner,2018,8.2,77,91,,,,,,,,,,,,,,,,,,,,,,,,
Black Panther,Nominee,2018,7.3,96,79,,,,,,,,,,,,,,,,,,,,,,,,
BlacKkKlansman,Nominee,2018,7.5,96,83,,,,,,,,,,,,,,,,,,,,,,,,
Bohemian Rhapsody,Nominee,2018,7.9,60,85,,,,,,,,,,,,,,,,,,,,,,,,
The Favourite,Nominee,2018,7.5,93,69,,,,,,,,,,,,,,,,,,,,,,,,
Roma,Nominee,2018,7.7,96,72,,,,,,,,,,,,,,,,,,,,,,,,
A Star Is Born,Nominee,2018,7.6,90,79,,,,,,,,,,,,,,,,,,,,,,,,
Vice,Nominee,2018,7.2,65,60,,,,,,,,,,,,,,,,,,,,,,,,
Parasite,Winner,2019,8.6,98,90,,,,,,,,,,,,,,,,,,,,,,,,
1917,Nominee,2019,8.3,88,88,,,,,,,,,,,,,,,,,,,,,,,,
Ford v Ferrari,Nominee,2019,8.1,92,98,,,,,,,,,,,,,,,,,,,,,,,,
The Irishman,Nominee,2019,7.8,96,86,,,,,,,,,,,,,,,,,,,,,,,,
Jojo Rabbit,Nominee,2019,7.9,80,94,,,,,,,,,,,,,,,,,,,,,,,,
Joker,Nominee,2019,8.4,68,88,,,,,,,,,,,,,,,,,,,,,,,,
Little Women,Nominee,2019,7.8,95,92,,,,,,,,,,,,,,,,,,,,,,,,
Marriage Story,Nominee,2019,7.9,94,85,,,,,,,,,,,,,,,,,,,,,,,,
Once Upon a Time in Hollywood,Nominee,2019,7.6,85,70,,,,,,,,,,,,,,,,,,,,,,,,
Nomadland,Winner,2020,7.4,93,82,,,,,,,,,,,,,,,,,,,,,,,,
The Father,Nominee,2020,8.3,98,92,,,,,,,,,,,,,,,,,,,,,,,,
Judas and the Black Messiah,Nominee,2020,7.5,97,95,,,,,,,,,,,,,,,,,,,,,,,,
Mank,Nominee,2020,6.9,83,59,,,,,,,,,,,,,,,,,,,,,,,,
Minari,Nominee,2020,7.5,98,87,,,,,,,,,,,,,,,,,,,,,,,,
Promising Young Woman,Nominee,2020,7.5,90,87,,,,,,,,,,,,,,,,,,,,,,,,
Sound of Metal,Nominee,2020,7.8,97,90,,,,,,,,,,,,,,,,,,,,,,,,
The Trial of the Chicago 7,Nominee,2020,7.8,89,90,,,,,,,,,,,,,,,,,,,,,,,,
